{"cameraMode":{"drawMode":0,"name":"Shaded","section":"Shading Mode"},"sceneLighting":true,"audioPlay":false,"sceneViewState":{"showFog":true,"showMaterialUpdate":false,"showSkybox":true,"showFlares":true,"showImageEffects":true,"showParticleSystems":true},"in2DMode":false,"pivot":{"x":173.56283569335938,"y":-4.19667911529541,"z":207.86936950683595},"rotation":{"x":-0.10088039189577103,"y":-0.7054347991943359,"z":0.10250282287597656,"w":-0.6941059231758118},"size":50.940269470214847,"orthographic":false}