{"cameraMode":{"drawMode":0,"name":"Shaded","section":"Shading Mode"},"sceneLighting":true,"audioPlay":false,"sceneViewState":{"showFog":true,"showMaterialUpdate":false,"showSkybox":true,"showFlares":true,"showImageEffects":true,"showParticleSystems":true},"in2DMode":false,"pivot":{"x":239.5991668701172,"y":-1.6917637586593629,"z":199.6847381591797},"rotation":{"x":-0.3298987150192261,"y":-0.02491876296699047,"z":0.008708246052265168,"w":-0.943672239780426},"size":14.759910583496094,"orthographic":false}