{"cameraMode":{"drawMode":0,"name":"Shaded","section":"Shading Mode"},"sceneLighting":true,"audioPlay":false,"sceneViewState":{"showFog":true,"showMaterialUpdate":false,"showSkybox":true,"showFlares":true,"showImageEffects":true,"showParticleSystems":true},"in2DMode":false,"pivot":{"x":383.40283203125,"y":-12.453116416931153,"z":121.74021911621094},"rotation":{"x":-0.26021069288253786,"y":0.4054892659187317,"z":-0.12158213555812836,"w":-0.8678323030471802},"size":35.625343322753909,"orthographic":false}