{"cameraMode":{"drawMode":0,"name":"Shaded","section":"Shading Mode"},"sceneLighting":true,"audioPlay":false,"sceneViewState":{"showFog":true,"showMaterialUpdate":false,"showSkybox":true,"showFlares":true,"showImageEffects":true,"showParticleSystems":true},"in2DMode":false,"pivot":{"x":239.5991668701172,"y":-1.6917637586593629,"z":199.6847381591797},"rotation":{"x":-0.16686104238033296,"y":-0.6763615608215332,"z":0.16144287586212159,"w":-0.6990559101104736},"size":20.4926700592041,"orthographic":false}