{"cameraMode":{"drawMode":0,"name":"Shaded","section":"Shading Mode"},"sceneLighting":true,"audioPlay":false,"sceneViewState":{"showFog":true,"showMaterialUpdate":false,"showSkybox":true,"showFlares":true,"showImageEffects":true,"showParticleSystems":true},"in2DMode":false,"pivot":{"x":226.44085693359376,"y":-0.6612330675125122,"z":190.52310180664063},"rotation":{"x":0.2510649561882019,"y":0.7353111505508423,"z":-0.3551938235759735,"w":0.5197392702102661},"size":201.25099182128907,"orthographic":true}