{"cameraMode":{"drawMode":0,"name":"Shaded","section":"Shading Mode"},"sceneLighting":true,"audioPlay":false,"sceneViewState":{"showFog":true,"showMaterialUpdate":false,"showSkybox":true,"showFlares":true,"showImageEffects":true,"showParticleSystems":true},"in2DMode":false,"pivot":{"x":238.0064239501953,"y":1.094034194946289,"z":209.55003356933595},"rotation":{"x":0.44696956872940066,"y":0.5419358015060425,"z":-0.5720285773277283,"w":0.42347410321235659},"size":14.02458381652832,"orthographic":true}