{"cameraMode":{"drawMode":0,"name":"Shaded","section":"Shading Mode"},"sceneLighting":true,"audioPlay":false,"sceneViewState":{"showFog":true,"showMaterialUpdate":false,"showSkybox":true,"showFlares":true,"showImageEffects":true,"showParticleSystems":true},"in2DMode":false,"pivot":{"x":160.80471801757813,"y":14.688621520996094,"z":298.7536315917969},"rotation":{"x":-0.6434606313705444,"y":-0.17556630074977876,"z":0.15501423180103303,"w":-0.7287701368331909},"size":167.3398895263672,"orthographic":false}