{"cameraMode":{"drawMode":0,"name":"Shaded","section":"Shading Mode"},"sceneLighting":true,"audioPlay":false,"sceneViewState":{"showFog":true,"showMaterialUpdate":false,"showSkybox":true,"showFlares":true,"showImageEffects":true,"showParticleSystems":true},"in2DMode":false,"pivot":{"x":88.11271667480469,"y":-8.606234550476075,"z":29.21869659423828},"rotation":{"x":-0.13961024582386018,"y":0.8578637838363648,"z":-0.3834174871444702,"w":-0.31236615777015688},"size":138.96031188964845,"orthographic":false}